{"ammo":[{"ID":"armory:ammo.9mm.basic","meta":0,"writeTime":1571929288923},{"ID":"armory:ammo.12g.elite","meta":1,"writeTime":1571929288923},{"ID":"armory:laser","meta":2,"writeTime":1571929288923},{"ID":"armory:20x100mm.basic","meta":3,"writeTime":1571929288923},{"ID":"armory:ammo.12g.advanced","meta":4,"writeTime":1571929288923},{"ID":"armory:ammo.9mm.elite","meta":5,"writeTime":1571929288923},{"ID":"icbmsentry:ammo.sentry.20.basic","meta":6,"writeTime":1571929288923},{"ID":"icbmsentry:laser","meta":7,"writeTime":1571929288923},{"ID":"armory:ammo.12g.basic","meta":8,"writeTime":1571929288923},{"ID":"armory:ammo.12g.he","meta":9,"writeTime":1571929288923},{"ID":"armory:ammo.9mm.advanced","meta":10,"writeTime":1571929288923}]}